{
  "config": "{\"version\":\"5.59\",\"themeCollection\":{\"baseTheme\":{\"name\":\"CY24SU10\",\"version\":\"5.63\",\"type\":2}},\"activeSectionIndex\":0,\"defaultDrillFilterOtherVisuals\":true,\"slowDataSourceSettings\":{\"isCrossHighlightingDisabled\":false,\"isSlicerSelectionsButtonEnabled\":false,\"isFilterSelectionsButtonEnabled\":false,\"isFieldWellButtonEnabled\":false,\"isApplyAllButtonEnabled\":false},\"linguisticSchemaSyncVersion\":2,\"settings\":{\"useNewFilterPaneExperience\":true,\"allowChangeFilterTypes\":true,\"useStylableVisualContainerHeader\":true,\"queryLimitOption\":6,\"exportDataMode\":1,\"useDefaultAggregateDisplayName\":true,\"useEnhancedTooltips\":true},\"objects\":{\"section\":[{\"properties\":{\"verticalAlignment\":{\"expr\":{\"Literal\":{\"Value\":\"'Top'\"}}}}}]}}",
  "layoutOptimization": 0,
  "resourcePackages": [
    {
      "resourcePackage": {
        "disabled": false,
        "items": [
          {
            "name": "CY24SU10",
            "path": "BaseThemes/CY24SU10.json",
            "type": 202
          }
        ],
        "name": "SharedResources",
        "type": 2
      }
    }
  ],
  "sections": [
    {
      "config": "{}",
      "displayName": "Page 1",
      "displayOption": 1,
      "filters": "[]",
      "height": 720.00,
      "name": "7ad5a435b07631bb019e",
      "visualContainers": [
        {
          "config": "{\"name\":\"2d19730aa50ca1332359\",\"layouts\":[{\"id\":0,\"position\":{\"x\":694.6945999610867,\"y\":123.49955610646745,\"width\":443.226184693211,\"height\":373.2431028995461,\"z\":1000,\"tabOrder\":1000}}],\"singleVisual\":{\"visualType\":\"tableEx\",\"projections\":{\"Values\":[{\"queryRef\":\"bm.Id\"},{\"queryRef\":\"bm.Name\"}]},\"prototypeQuery\":{\"Version\":2,\"From\":[{\"Name\":\"b\",\"Entity\":\"bm\",\"Type\":0}],\"Select\":[{\"Column\":{\"Expression\":{\"SourceRef\":{\"Source\":\"b\"}},\"Property\":\"Id\"},\"Name\":\"bm.Id\",\"NativeReferenceName\":\"Id\"},{\"Column\":{\"Expression\":{\"SourceRef\":{\"Source\":\"b\"}},\"Property\":\"Name\"},\"Name\":\"bm.Name\",\"NativeReferenceName\":\"Name\"}],\"OrderBy\":[{\"Direction\":1,\"Expression\":{\"Column\":{\"Expression\":{\"SourceRef\":{\"Source\":\"b\"}},\"Property\":\"Id\"}}}]},\"autoSelectVisualType\":true,\"drillFilterOtherVisuals\":true}}",
          "filters": "[]",
          "height": 373.24,
          "width": 443.23,
          "x": 694.69,
          "y": 123.50,
          "z": 1000.00
        },
        {
          "config": "{\"name\":\"53e896c0240d07003961\",\"layouts\":[{\"id\":0,\"position\":{\"x\":175.64381312919815,\"y\":506.7426590060136,\"width\":443.226184693211,\"height\":213.25734099398642,\"z\":1001}}],\"singleVisual\":{\"visualType\":\"tableEx\",\"projections\":{\"Values\":[{\"queryRef\":\"SalesLT Customer.FirstName\"}]},\"prototypeQuery\":{\"Version\":2,\"From\":[{\"Name\":\"s\",\"Entity\":\"SalesLT Customer\",\"Type\":0}],\"Select\":[{\"Column\":{\"Expression\":{\"SourceRef\":{\"Source\":\"s\"}},\"Property\":\"FirstName\"},\"Name\":\"SalesLT Customer.FirstName\",\"NativeReferenceName\":\"FirstName\"}],\"OrderBy\":[{\"Direction\":1,\"Expression\":{\"Column\":{\"Expression\":{\"SourceRef\":{\"Source\":\"s\"}},\"Property\":\"FirstName\"}}}]},\"autoSelectVisualType\":true,\"drillFilterOtherVisuals\":true}}",
          "filters": "[]",
          "height": 213.26,
          "width": 443.23,
          "x": 175.64,
          "y": 506.74,
          "z": 1001.00
        },
        {
          "config": "{\"name\":\"8e3e289f137b4c80d501\",\"layouts\":[{\"id\":0,\"position\":{\"x\":175.64381312919815,\"y\":123.49955610646745,\"z\":0,\"width\":443.226184693211,\"height\":373.2431028995461,\"tabOrder\":0}}],\"singleVisual\":{\"visualType\":\"clusteredBarChart\",\"projections\":{\"Y\":[{\"queryRef\":\"CountNonNull(bm.Id)\"}]},\"prototypeQuery\":{\"Version\":2,\"From\":[{\"Name\":\"b\",\"Entity\":\"bm\",\"Type\":0}],\"Select\":[{\"Aggregation\":{\"Expression\":{\"Column\":{\"Expression\":{\"SourceRef\":{\"Source\":\"b\"}},\"Property\":\"Id\"}},\"Function\":5},\"Name\":\"CountNonNull(bm.Id)\",\"NativeReferenceName\":\"Count of Id\"}],\"OrderBy\":[{\"Direction\":2,\"Expression\":{\"Aggregation\":{\"Expression\":{\"Column\":{\"Expression\":{\"SourceRef\":{\"Source\":\"b\"}},\"Property\":\"Id\"}},\"Function\":5}}}]},\"autoSelectVisualType\":true,\"drillFilterOtherVisuals\":true}}",
          "filters": "[]",
          "height": 373.24,
          "width": 443.23,
          "x": 175.64,
          "y": 123.50,
          "z": 0.00
        }
      ],
      "width": 1280.00
    }
  ]
}